CWE-ID,Name,MappingUsageLabel,SuggestedCWEIDs,Level,Related_CWE_IDs_ChildOf,Related_CAPEC_IDs
CWE-5,J2EE Misconfiguration: Data Transmission Without Encryption,allowed,[],4,[319],[]
CWE-6,J2EE Misconfiguration: Insufficient Session-ID Length,allowed,[],4,[334],"[21, 59]"
CWE-7,J2EE Misconfiguration: Missing Custom Error Page,allowed,[],4,[756],[]
CWE-8,J2EE Misconfiguration: Entity Bean Declared Remote,allowed,[],3,[668],[]
CWE-9,J2EE Misconfiguration: Weak Access Permissions for EJB Methods,allowed,[],4,[266],[]
CWE-11,ASP.NET Misconfiguration: Creating Debug Binary,allowed,[],3,[489],[]
CWE-12,ASP.NET Misconfiguration: Missing Custom Error Page,allowed,[],4,[756],[]
CWE-13,ASP.NET Misconfiguration: Password in Configuration File,allowed,[],5,[260],[]
CWE-14,Compiler Removal of Code to Clear Buffers,allowed,[],4,[733],[]
CWE-15,External Control of System or Configuration Setting,allowed,[],3,"[642, 610]","[13, 146, 176, 203, 270, 271, 579, 69, 76, 77]"
CWE-20,Improper Input Validation,discouraged,"[1284, 1285, 1286, 1287, 1288, 1289, 116, 790]",2,[707],"[10, 101, 104, 108, 109, 110, 120, 13, 135, 136, 14, 153, 182, 209, 22, 23, 230, 231, 24, 250, 261, 267, 28, 3, 31, 42, 43, 45, 46, 47, 473, 52, 53, 588, 63, 64, 664, 67, 7, 71, 72, 73, 78, 79, 8, 80, 81, 83, 85, 88, 9]"
CWE-22,Improper Limitation of a Pathname to a Restricted Directory ('Path Traversal'),allowed,[],3,[706],"[126, 64, 76, 78, 79]"
CWE-23,Relative Path Traversal,allowed,[],4,[22],"[139, 76]"
CWE-24,Path Traversal: '../filedir',allowed,[],5,[23],[]
CWE-25,Path Traversal: '/../filedir',allowed,[],5,[23],[]
CWE-26,Path Traversal: '/dir/../filename',allowed,[],5,[23],[]
CWE-27,Path Traversal: 'dir/../../filename',allowed,[],5,[23],[]
CWE-28,Path Traversal: '..\filedir',allowed,[],5,[23],[]
CWE-29,Path Traversal: '\..\filename',allowed,[],5,[23],[]
CWE-30,Path Traversal: '\dir\..\filename',allowed,[],5,[23],[]
CWE-31,Path Traversal: 'dir\..\..\filename',allowed,[],5,[23],[]
CWE-32,Path Traversal: '...' (Triple Dot),allowed,[],5,[23],[]
CWE-33,Path Traversal: '....' (Multiple Dot),allowed,[],5,[23],[]
CWE-34,Path Traversal: '....//',allowed,[],5,[23],[]
CWE-35,Path Traversal: '.../...//',allowed,[],5,[23],[]
CWE-36,Absolute Path Traversal,allowed,[],4,[22],[597]
CWE-37,Path Traversal: '/absolute/pathname/here',allowed,[],4,"[36, 160]",[]
CWE-38,Path Traversal: '\absolute\pathname\here',allowed,[],5,[36],[]
CWE-39,Path Traversal: 'C:dirname',allowed,[],5,[36],[]
CWE-40,Path Traversal: '\\UNC\share\name\' (Windows UNC Share),allowed,[],5,[36],[]
CWE-41,Improper Resolution of Path Equivalence,allowed,[],3,[706],[3]
CWE-42,Path Equivalence: 'filename.' (Trailing Dot),allowed,[],4,"[41, 162]",[]
CWE-43,Path Equivalence: 'filename....' (Multiple Trailing Dot),allowed,[],5,"[42, 163]",[]
CWE-44,Path Equivalence: 'file.name' (Internal Dot),allowed,[],4,[41],[]
CWE-45,Path Equivalence: 'file...name' (Multiple Internal Dot),allowed,[],5,"[44, 165]",[]
CWE-46,Path Equivalence: 'filename ' (Trailing Space),allowed,[],4,"[41, 162]",[649]
CWE-47,Path Equivalence: ' filename' (Leading Space),allowed,[],4,[41],[]
CWE-48,Path Equivalence: 'file name' (Internal Whitespace),allowed,[],4,[41],[]
CWE-49,Path Equivalence: 'filename/' (Trailing Slash),allowed,[],4,"[41, 162]",[]
CWE-50,Path Equivalence: '//multiple/leading/slash',allowed,[],4,"[41, 161]",[]
CWE-51,Path Equivalence: '/multiple//internal/slash',allowed,[],4,[41],[]
CWE-52,Path Equivalence: '/multiple/trailing/slash//',allowed,[],4,"[41, 163]",[]
CWE-53,Path Equivalence: '\multiple\\internal\backslash',allowed,[],4,"[41, 165]",[]
CWE-54,Path Equivalence: 'filedir\' (Trailing Backslash),allowed,[],4,"[41, 162]",[]
CWE-55,Path Equivalence: '/./' (Single Dot Directory),allowed,[],4,[41],[]
CWE-56,Path Equivalence: 'filedir*' (Wildcard),allowed,[],4,"[41, 155]",[]
CWE-57,Path Equivalence: 'fakedir/../realdir/filename',allowed,[],4,[41],[]
CWE-58,Path Equivalence: Windows 8.3 Filename,allowed,[],4,[41],[]
CWE-59,Improper Link Resolution Before File Access ('Link Following'),allowed,[],3,[706],"[132, 17, 35, 76]"
CWE-61,UNIX Symbolic Link (Symlink) Following,allowed,[],4,[59],[27]
CWE-62,UNIX Hard Link,allowed,[],4,[59],[]
CWE-64,Windows Shortcut Following (.LNK),allowed,[],4,[59],[]
CWE-65,Windows Hard Link,allowed,[],4,[59],[]
CWE-66,Improper Handling of File Names that Identify Virtual Resources,allowed,[],3,[706],[]
CWE-67,Improper Handling of Windows Device Names,allowed,[],4,[66],[]
CWE-69,Improper Handling of Windows ::DATA Alternate Data Stream,allowed,[],4,[66],[168]
CWE-71,DEPRECATED: Apple '.DS_Store',prohibited,[],1,[],[]
CWE-72,Improper Handling of Apple HFS+ Alternate Data Stream Path,allowed,[],4,[66],[]
CWE-73,External Control of File Name or Path,allowed,[],3,"[642, 610]","[13, 267, 64, 72, 76, 78, 79, 80]"
CWE-74,Improper Neutralization of Special Elements in Output Used by a Downstream Component ('Injection'),discouraged,[],2,[707],"[10, 101, 105, 108, 120, 13, 135, 14, 24, 250, 267, 273, 28, 3, 34, 42, 43, 45, 46, 47, 51, 52, 53, 6, 64, 67, 7, 71, 72, 76, 78, 79, 8, 80, 83, 84, 9]"
CWE-75,Failure to Sanitize Special Elements into a Different Plane (Special Element Injection),discouraged,[],3,[74],"[81, 93]"
CWE-76,Improper Neutralization of Equivalent Special Elements,allowed,[],4,[75],[]
CWE-77,Improper Neutralization of Special Elements used in a Command ('Command Injection'),allowed,[78],3,[74],"[136, 15, 183, 248, 40, 43, 75, 76]"
CWE-78,Improper Neutralization of Special Elements used in an OS Command ('OS Command Injection'),allowed,[],4,[77],"[108, 15, 43, 6, 88]"
CWE-79,Improper Neutralization of Input During Web Page Generation ('Cross-site Scripting'),allowed,[],3,[74],"[209, 588, 591, 592, 63, 85]"
CWE-80,Improper Neutralization of Script-Related HTML Tags in a Web Page (Basic XSS),allowed,[],4,[79],"[18, 193, 32, 86]"
CWE-81,Improper Neutralization of Script in an Error Message Web Page,allowed,[],4,[79],[198]
CWE-82,Improper Neutralization of Script in Attributes of IMG Tags in a Web Page,allowed,[],5,[83],[]
CWE-83,Improper Neutralization of Script in Attributes in a Web Page,allowed,[],4,[79],"[243, 244, 588]"
CWE-84,Improper Neutralization of Encoded URI Schemes in a Web Page,allowed,[],4,[79],[]
CWE-85,Doubled Character XSS Manipulations,allowed,[],4,[79],[245]
CWE-86,Improper Neutralization of Invalid Characters in Identifiers in Web Pages,allowed,[],3,"[79, 436]","[247, 73, 85]"
CWE-87,Improper Neutralization of Alternate XSS Syntax,allowed,[],4,[79],[199]
CWE-88,Improper Neutralization of Argument Delimiters in a Command ('Argument Injection'),allowed,[],4,[77],"[137, 174, 41, 460, 88]"
CWE-89,Improper Neutralization of Special Elements used in an SQL Command ('SQL Injection'),allowed,[],4,[943],"[108, 109, 110, 470, 66, 7]"
CWE-90,Improper Neutralization of Special Elements used in an LDAP Query ('LDAP Injection'),allowed,[],4,[943],[136]
CWE-91,XML Injection (aka Blind XPath Injection),allowed,[],3,[74],"[250, 83]"
CWE-92,DEPRECATED: Improper Sanitization of Custom Special Characters,prohibited,[],1,[],[]
CWE-93,Improper Neutralization of CRLF Sequences ('CRLF Injection'),allowed,[],3,[74],"[15, 81]"
CWE-94,Improper Control of Generation of Code ('Code Injection'),allowed,[],3,"[74, 913]","[242, 35, 77]"
CWE-95,Improper Neutralization of Directives in Dynamically Evaluated Code ('Eval Injection'),allowed,[],4,[94],[35]
CWE-96,Improper Neutralization of Directives in Statically Saved Code ('Static Code Injection'),allowed,[],4,[94],"[35, 73, 77, 81, 85]"
CWE-97,Improper Neutralization of Server-Side Includes (SSI) Within a Web Page,allowed,[],5,[96],"[101, 35]"
CWE-98,Improper Control of Filename for Include/Require Statement in PHP Program ('PHP Remote File Inclusion'),allowed,[],3,"[706, 829]",[193]
CWE-99,Improper Control of Resource Identifiers ('Resource Injection'),allowed,[],3,[74],"[10, 240, 75]"
CWE-102,Struts: Duplicate Validation Forms,allowed,[],4,"[694, 1173]",[]
CWE-103,Struts: Incomplete validate() Method Definition,allowed,[],3,[573],[]
CWE-104,Struts: Form Bean Does Not Extend Validation Class,allowed,[],3,[573],[]
CWE-105,Struts: Form Field Without Validator,allowed,[],4,[1173],[]
CWE-106,Struts: Plug-in Framework not in Use,allowed,[],4,[1173],[]
CWE-107,Struts: Unused Validation Form,allowed,[],3,[1164],[]
CWE-108,Struts: Unvalidated Action Form,allowed,[],4,[1173],[]
CWE-109,Struts: Validator Turned Off,allowed,[],4,[1173],[]
CWE-110,Struts: Validator Without Form Field,allowed,[],3,[1164],[]
CWE-111,Direct Use of Unsafe JNI,allowed,[],4,[695],[]
CWE-112,Missing XML Validation,allowed,[],4,[1286],"[230, 231]"
CWE-113,Improper Neutralization of CRLF Sequences in HTTP Headers ('HTTP Request/Response Splitting'),allowed,[],3,"[93, 436]","[105, 31, 34, 85]"
CWE-114,Process Control,discouraged,"[426, 427, 73]",4,[73],"[108, 640]"
CWE-115,Misinterpretation of Input,allowed,[],3,[436],[]
CWE-116,Improper Encoding or Escaping of Output,allowed,[],2,[707],"[104, 73, 81, 85]"
CWE-117,Improper Output Neutralization for Logs,allowed,[],3,[116],"[268, 81, 93]"
CWE-118,Incorrect Access of Indexable Resource ('Range Error'),discouraged,[],2,[664],"[10, 14, 24, 45, 46, 47, 8, 9]"
CWE-119,Improper Restriction of Operations within the Bounds of a Memory Buffer,discouraged,[],3,[118],"[10, 100, 123, 14, 24, 42, 44, 45, 46, 47, 8, 9]"
CWE-120,Buffer Copy without Checking Size of Input ('Classic Buffer Overflow'),allowed,[],5,[787],"[10, 100, 14, 24, 42, 44, 45, 46, 47, 67, 8, 9, 92]"
CWE-121,Stack-based Buffer Overflow,allowed,[],5,"[788, 787]",[]
CWE-122,Heap-based Buffer Overflow,allowed,[],5,"[788, 787]",[92]
CWE-123,Write-what-where Condition,allowed,[],5,[787],[]
CWE-124,Buffer Underwrite ('Buffer Underflow'),allowed,[],5,"[786, 787]",[]
CWE-125,Out-of-bounds Read,allowed,[],4,[119],[540]
CWE-126,Buffer Over-read,allowed,[],5,"[125, 788]",[]
CWE-127,Buffer Under-read,allowed,[],5,"[125, 786]",[]
CWE-128,Wrap-around Error,allowed,[],2,[682],[92]
CWE-129,Improper Validation of Array Index,allowed,[],4,[1285],[100]
CWE-130,Improper Handling of Length Parameter Inconsistency,allowed,[],3,[240],[47]
CWE-131,Incorrect Calculation of Buffer Size,allowed,[],2,[682],"[100, 47]"
CWE-132,DEPRECATED: Miscalculated Null Termination,prohibited,[],1,[],[]
CWE-134,Use of Externally-Controlled Format String,allowed,[],3,[668],"[135, 67]"
CWE-135,Incorrect Calculation of Multi-Byte String Length,allowed,[],2,[682],[]
CWE-138,Improper Neutralization of Special Elements,discouraged,[],2,[707],"[105, 15, 34]"
CWE-140,Improper Neutralization of Delimiters,allowed,[],3,[138],[15]
CWE-141,Improper Neutralization of Parameter/Argument Delimiters,allowed,[],4,[140],[]
CWE-142,Improper Neutralization of Value Delimiters,allowed,[],4,[140],[]
CWE-143,Improper Neutralization of Record Delimiters,allowed,[],4,[140],[]
CWE-144,Improper Neutralization of Line Delimiters,allowed,[],4,[140],[]
CWE-145,Improper Neutralization of Section Delimiters,allowed,[],4,[140],[]
CWE-146,Improper Neutralization of Expression/Command Delimiters,allowed,[],4,[140],"[15, 6]"
CWE-147,Improper Neutralization of Input Terminators,allowed,[],3,[138],[460]
CWE-148,Improper Neutralization of Input Leaders,allowed,[],3,[138],[]
CWE-149,Improper Neutralization of Quoting Syntax,allowed,[],3,[138],[468]
CWE-150,"Improper Neutralization of Escape, Meta, or Control Sequences",allowed,[],3,[138],"[134, 41, 81, 93]"
CWE-151,Improper Neutralization of Comment Delimiters,allowed,[],3,[138],[]
CWE-152,Improper Neutralization of Macro Symbols,allowed,[],3,[138],[]
CWE-153,Improper Neutralization of Substitution Characters,allowed,[],3,[138],[]
CWE-154,Improper Neutralization of Variable Name Delimiters,allowed,[],3,[138],[15]
CWE-155,Improper Neutralization of Wildcards or Matching Symbols,allowed,[],3,[138],[]
CWE-156,Improper Neutralization of Whitespace,allowed,[],3,[138],[]
CWE-157,Failure to Sanitize Paired Delimiters,allowed,[],3,[138],[15]
CWE-158,Improper Neutralization of Null Byte or NUL Character,allowed,[],3,[138],"[52, 53]"
CWE-159,Improper Handling of Invalid Use of Special Elements,allowed,[],3,[138],[]
CWE-160,Improper Neutralization of Leading Special Elements,allowed,[],3,[138],[]
CWE-161,Improper Neutralization of Multiple Leading Special Elements,allowed,[],4,[160],[]
CWE-162,Improper Neutralization of Trailing Special Elements,allowed,[],3,[138],[635]
CWE-163,Improper Neutralization of Multiple Trailing Special Elements,allowed,[],4,[162],[]
CWE-164,Improper Neutralization of Internal Special Elements,allowed,[],3,[138],[]
CWE-165,Improper Neutralization of Multiple Internal Special Elements,allowed,[],4,[164],[]
CWE-166,Improper Handling of Missing Special Element,allowed,[],3,"[159, 228]",[]
CWE-167,Improper Handling of Additional Special Element,allowed,[],3,"[159, 228]",[]
CWE-168,Improper Handling of Inconsistent Special Elements,allowed,[],3,"[159, 228]",[]
CWE-170,Improper Null Termination,allowed,[],2,[707],[]
CWE-172,Encoding Error,allowed,[],2,[707],"[120, 267, 3, 52, 53, 64, 71, 72, 78, 80]"
CWE-173,Improper Handling of Alternate Encoding,allowed,[],3,[172],"[120, 267, 3, 4, 52, 53, 64, 71, 72, 78, 79, 80]"
CWE-174,Double Decoding of the Same Data,allowed,[],3,"[172, 675]",[]
CWE-175,Improper Handling of Mixed Encoding,allowed,[],3,[172],[]
CWE-176,Improper Handling of Unicode Encoding,allowed,[],3,[172],[71]
CWE-177,Improper Handling of URL Encoding (Hex Encoding),allowed,[],3,[172],"[120, 468, 64, 72]"
CWE-178,Improper Handling of Case Sensitivity,allowed,[],3,[706],[]
CWE-179,Incorrect Behavior Order: Early Validation,allowed,[],3,"[20, 696]","[3, 43, 71]"
CWE-180,Incorrect Behavior Order: Validate Before Canonicalize,allowed,[],4,[179],"[267, 3, 71, 78, 79, 80]"
CWE-181,Incorrect Behavior Order: Validate Before Filter,allowed,[],4,[179],"[120, 267, 3, 43, 78, 79, 80]"
CWE-182,Collapse of Data into Unsafe Value,allowed,[],2,[707],[]
CWE-183,Permissive List of Allowed Inputs,allowed,[],2,[697],"[120, 3, 43, 71]"
CWE-184,Incomplete List of Disallowed Inputs,allowed,[],2,"[693, 1023]","[120, 15, 182, 3, 43, 6, 71, 73, 85]"
CWE-185,Incorrect Regular Expression,allowed,[],2,[697],"[15, 6, 79]"
CWE-186,Overly Restrictive Regular Expression,allowed,[],3,[185],[]
CWE-187,Partial String Comparison,allowed,[],3,[1023],[]
CWE-188,Reliance on Data/Memory Layout,allowed,[],2,"[1105, 435]",[]
CWE-190,Integer Overflow or Wraparound,allowed,[191],2,[682],[92]
CWE-191,Integer Underflow (Wrap or Wraparound),allowed,[],2,[682],[]
CWE-192,Integer Coercion Error,allowed,[],4,[681],[]
CWE-193,Off-by-one Error,allowed,[],2,[682],[]
CWE-194,Unexpected Sign Extension,allowed,[],4,[681],[]
CWE-195,Signed to Unsigned Conversion Error,allowed,[],4,[681],[]
CWE-196,Unsigned to Signed Conversion Error,allowed,[],4,[681],[92]
CWE-197,Numeric Truncation Error,allowed,[],4,[681],[]
CWE-198,Use of Incorrect Byte Ordering,allowed,[],3,[188],[]
CWE-200,Exposure of Sensitive Information to an Unauthorized Actor,discouraged,[],3,[668],"[116, 13, 169, 22, 224, 285, 287, 290, 291, 292, 293, 294, 295, 296, 297, 298, 299, 300, 301, 302, 303, 304, 305, 306, 307, 308, 309, 310, 312, 313, 317, 318, 319, 320, 321, 322, 323, 324, 325, 326, 327, 328, 329, 330, 472, 497, 508, 573, 574, 575, 576, 577, 59, 60, 616, 643, 646, 651, 79]"
CWE-201,Insertion of Sensitive Information Into Sent Data,allowed,[],4,[200],"[12, 217, 612, 613, 618, 619, 621, 622, 623]"
CWE-202,Exposure of Sensitive Information Through Data Queries,allowed,[],4,[1230],[]
CWE-203,Observable Discrepancy,allowed,[],4,[200],[189]
CWE-204,Observable Response Discrepancy,allowed,[],5,[203],"[331, 332, 541, 580]"
CWE-205,Observable Behavioral Discrepancy,allowed,[],5,[203],"[541, 580]"
CWE-206,Observable Internal Behavioral Discrepancy,allowed,[],6,[205],[]
CWE-207,Observable Behavioral Discrepancy With Equivalent Products,allowed,[],6,[205],[]
CWE-208,Observable Timing Discrepancy,allowed,[],5,[203],"[462, 541, 580]"
CWE-209,Generation of Error Message Containing Sensitive Information,allowed,[],3,"[200, 755]","[215, 463, 54, 7]"
CWE-210,Self-generated Error Message Containing Sensitive Information,allowed,[],4,[209],[]
CWE-211,Externally-Generated Error Message Containing Sensitive Information,allowed,[],4,[209],[]
CWE-212,Improper Removal of Sensitive Information Before Storage or Transfer,allowed,[],3,[669],[168]
CWE-213,Exposure of Sensitive Information Due to Incompatible Policies,allowed,[],4,[200],[]
CWE-214,Invocation of Process Using Visible Sensitive Information,allowed,[],5,[497],[]
CWE-215,Insertion of Sensitive Information Into Debugging Code,allowed,[],4,[200],[]
CWE-216,DEPRECATED: Containment Errors (Container Errors),prohibited,[],1,[],[]
CWE-217,DEPRECATED: Failure to Protect Stored Data from Modification,prohibited,[],1,[],[]
CWE-218,DEPRECATED: Failure to provide confidentiality for stored data,prohibited,[],1,[],[]
CWE-219,Storage of File with Sensitive Data Under Web Root,allowed,[],4,[552],[]
CWE-220,Storage of File With Sensitive Data Under FTP Root,allowed,[],4,[552],[]
CWE-221,Information Loss or Omission,allowed,[],2,[664],[81]
CWE-222,Truncation of Security-relevant Information,allowed,[],3,[221],[]
CWE-223,Omission of Security-relevant Information,allowed,[],3,[221],[]
CWE-224,Obscured Security-relevant Information by Alternate Name,allowed,[],3,[221],[]
CWE-225,DEPRECATED: General Information Management Problems,prohibited,[],1,[],[]
CWE-226,Sensitive Information in Resource Not Removed Before Reuse,allowed,[],4,"[459, 212]",[37]
CWE-228,Improper Handling of Syntactically Invalid Structure,allowed,[],2,"[703, 707]",[]
CWE-229,Improper Handling of Values,allowed,[],3,[228],[]
CWE-230,Improper Handling of Missing Values,allowed,[],4,[229],[]
CWE-231,Improper Handling of Extra Values,allowed,[],4,[229],[]
CWE-232,Improper Handling of Undefined Values,allowed,[],4,[229],[]
CWE-233,Improper Handling of Parameters,allowed,[],3,[228],[39]
CWE-234,Failure to Handle Missing Parameter,discouraged,[],4,[233],[]
CWE-235,Improper Handling of Extra Parameters,allowed,[],4,[233],[460]
CWE-236,Improper Handling of Undefined Parameters,allowed,[],4,[233],[]
CWE-237,Improper Handling of Structural Elements,allowed,[],3,[228],[]
CWE-238,Improper Handling of Incomplete Structural Elements,allowed,[],4,[237],[]
CWE-239,Failure to Handle Incomplete Element,allowed,[],4,[237],[]
CWE-240,Improper Handling of Inconsistent Structural Elements,allowed,[],2,"[237, 707]",[]
CWE-241,Improper Handling of Unexpected Data Type,allowed,[],3,[228],[48]
CWE-242,Use of Inherently Dangerous Function,allowed,[],3,[1177],[]
CWE-243,Creation of chroot Jail Without Changing Working Directory,allowed,[],3,"[573, 669]",[]
CWE-244,Improper Clearing of Heap Memory Before Release ('Heap Inspection'),allowed,[],5,[226],[]
CWE-245,J2EE Bad Practices: Direct Management of Connections,allowed,[],4,[695],[]
CWE-246,J2EE Bad Practices: Direct Use of Sockets,allowed,[],4,[695],[]
CWE-247,DEPRECATED: Reliance on DNS Lookups in a Security Decision,prohibited,[],1,[],[]
CWE-248,Uncaught Exception,allowed,[],3,"[705, 755]",[]
CWE-249,DEPRECATED: Often Misused: Path Manipulation,prohibited,[],1,[],[]
CWE-250,Execution with Unnecessary Privileges,allowed,[],3,"[269, 657]","[104, 470, 69]"
CWE-252,Unchecked Return Value,allowed,[],3,[754],[]
CWE-253,Incorrect Check of Function Return Value,allowed,[],3,"[573, 754]",[]
CWE-256,Plaintext Storage of a Password,allowed,[],4,[522],[]
CWE-257,Storing Passwords in a Recoverable Format,allowed,[],4,[522],[49]
CWE-258,Empty Password in Configuration File,allowed,[],5,"[260, 521]",[]
CWE-259,Use of Hard-coded Password,allowed,[],5,[798],[]
CWE-260,Password in Configuration File,allowed,[],4,[522],[]
CWE-261,Weak Encoding for Password,allowed,[],4,[522],[55]
CWE-262,Not Using Password Aging,allowed,[],4,[1390],"[16, 49, 509, 55, 555, 560, 561, 565, 600, 652, 653, 70]"
CWE-263,Password Aging with Long Expiration,allowed,[],4,[1390],"[16, 49, 509, 55, 555, 560, 561, 565, 600, 652, 653, 70]"
CWE-266,Incorrect Privilege Assignment,allowed,[],3,[269],[]
CWE-267,Privilege Defined With Unsafe Actions,allowed,[],3,[269],"[58, 634, 637, 643, 648]"
CWE-268,Privilege Chaining,allowed,[],3,[269],[]
CWE-269,Improper Privilege Management,discouraged,[],2,[284],"[122, 233, 58]"
CWE-270,Privilege Context Switching Error,allowed,[],3,[269],"[17, 30, 35]"
CWE-271,Privilege Dropping / Lowering Errors,allowed,[],3,[269],[]
CWE-272,Least Privilege Violation,allowed,[],4,[271],"[17, 35, 76]"
CWE-273,Improper Check for Dropped Privileges,allowed,[],3,"[754, 271]",[]
CWE-274,Improper Handling of Insufficient Privileges,discouraged,[],3,"[755, 269]",[]
CWE-276,Incorrect Default Permissions,allowed,[],4,[732],"[1, 127, 81]"
CWE-277,Insecure Inherited Permissions,allowed,[],4,[732],[]
CWE-278,Insecure Preserved Inherited Permissions,allowed,[],4,[732],[]
CWE-279,Incorrect Execution-Assigned Permissions,allowed,[],4,[732],[81]
CWE-280,Improper Handling of Insufficient Permissions or Privileges ,allowed,[],3,[755],[]
CWE-281,Improper Preservation of Permissions,allowed,[],4,[732],[]
CWE-282,Improper Ownership Management,allowed,[],2,[284],"[17, 35]"
CWE-283,Unverified Ownership,allowed,[],3,[282],[]
CWE-284,Improper Access Control,discouraged,"[862, 863, 732, 306, 1390, 923]",1,[],"[19, 441, 478, 479, 502, 503, 536, 546, 550, 551, 552, 556, 558, 562, 563, 564, 578]"
CWE-285,Improper Authorization,discouraged,"[862, 863, 732]",2,[284],"[1, 104, 127, 13, 17, 39, 402, 45, 5, 51, 59, 60, 647, 668, 76, 77, 87]"
CWE-286,Incorrect User Management,allowed,[],2,[284],[]
CWE-287,Improper Authentication,discouraged,"[1390, 306]",2,[284],"[114, 115, 151, 194, 22, 57, 593, 633, 650, 94]"
CWE-288,Authentication Bypass Using an Alternate Path or Channel,allowed,[],4,[306],"[127, 665]"
CWE-289,Authentication Bypass by Alternate Name,allowed,[],4,[1390],[]
CWE-290,Authentication Bypass by Spoofing,allowed,[],4,[1390],"[21, 22, 459, 461, 473, 476, 59, 60, 667, 94]"
CWE-291,Reliance on IP Address for Authentication,allowed,[],3,"[290, 923]",[4]
CWE-292,DEPRECATED: Trusting Self-reported DNS Name,prohibited,[],1,[],[]
CWE-293,Using Referer Field for Authentication,allowed,[],5,[290],[]
CWE-294,Authentication Bypass by Capture-replay,allowed,[],4,[1390],"[102, 509, 555, 561, 60, 644, 645, 652, 701, 94]"
CWE-295,Improper Certificate Validation,allowed,[],3,[287],"[459, 475]"
CWE-296,Improper Following of a Certificate's Chain of Trust,allowed,[],3,"[295, 573]",[]
CWE-297,Improper Validation of Certificate with Host Mismatch,allowed,[],3,"[923, 295]",[]
CWE-298,Improper Validation of Certificate Expiration,allowed,[],4,"[295, 672]",[]
CWE-299,Improper Check for Certificate Revocation,allowed,[],3,"[295, 404]",[]
CWE-300,Channel Accessible by Non-Endpoint,discouraged,[],3,[923],"[466, 57, 589, 590, 612, 613, 615, 662, 94]"
CWE-301,Reflection Attack in an Authentication Protocol,allowed,[],4,[1390],[90]
CWE-302,Authentication Bypass by Assumed-Immutable Data,allowed,[],3,"[1390, 807]","[10, 13, 21, 274, 31, 39, 45, 77]"
CWE-303,Incorrect Implementation of Authentication Algorithm,allowed,[],4,[1390],[90]
CWE-304,Missing Critical Step in Authentication,allowed,[],3,"[303, 573]",[]
CWE-305,Authentication Bypass by Primary Weakness,allowed,[],4,[1390],[]
CWE-306,Missing Authentication for Critical Function,allowed,[],3,[287],"[12, 166, 216, 36, 62]"
CWE-307,Improper Restriction of Excessive Authentication Attempts,allowed,[],3,"[1390, 799]","[16, 49, 560, 565, 600, 652, 653]"
CWE-308,Use of Single-factor Authentication,allowed,[],3,"[1390, 654]","[16, 49, 509, 55, 555, 560, 561, 565, 600, 644, 645, 652, 653, 70]"
CWE-309,Use of Password System for Primary Authentication,allowed,[],3,"[1390, 654]","[16, 49, 509, 55, 555, 560, 561, 565, 600, 652, 653, 70]"
CWE-311,Missing Encryption of Sensitive Data,discouraged,[],2,[693],"[157, 158, 204, 31, 37, 383, 384, 385, 386, 387, 388, 477, 609, 65]"
CWE-312,Cleartext Storage of Sensitive Information,allowed,[],3,"[311, 922]",[37]
CWE-313,Cleartext Storage in a File or on Disk,allowed,[],4,[312],[]
CWE-314,Cleartext Storage in the Registry,allowed,[],4,[312],[37]
CWE-315,Cleartext Storage of Sensitive Information in a Cookie,allowed,[],4,[312],"[31, 37, 39, 74]"
CWE-316,Cleartext Storage of Sensitive Information in Memory,allowed,[],4,[312],[]
CWE-317,Cleartext Storage of Sensitive Information in GUI,allowed,[],4,[312],[]
CWE-318,Cleartext Storage of Sensitive Information in Executable,allowed,[],4,[312],"[37, 65]"
CWE-319,Cleartext Transmission of Sensitive Information,allowed,[],3,[311],"[102, 117, 383, 477, 65]"
CWE-321,Use of Hard-coded Cryptographic Key,allowed,[],5,[798],[]
CWE-322,Key Exchange without Entity Authentication,allowed,[],4,[306],[]
CWE-323,"Reusing a Nonce, Key Pair in Encryption",allowed,[],4,[344],[]
CWE-324,Use of a Key Past its Expiration Date,allowed,[],4,[672],[]
CWE-325,Missing Cryptographic Step,allowed,[],3,[573],[68]
CWE-326,Inadequate Encryption Strength,allowed,[],2,[693],"[112, 192, 20]"
CWE-327,Use of a Broken or Risky Cryptographic Algorithm,allowed,[],2,[693],"[20, 459, 473, 475, 608, 614, 97]"
CWE-328,Use of Weak Hash,allowed,[],3,"[326, 327]","[461, 68]"
CWE-329,Generation of Predictable IV with CBC Mode,allowed,[],3,"[1204, 573]",[]
CWE-330,Use of Insufficiently Random Values,discouraged,[],2,[693],"[112, 485, 59]"
CWE-331,Insufficient Entropy,allowed,[],3,[330],[59]
CWE-332,Insufficient Entropy in PRNG,allowed,[],4,[331],[]
CWE-333,Improper Handling of Insufficient Entropy in TRNG,allowed,[],3,"[331, 755]",[]
CWE-334,Small Space of Random Values,allowed,[],3,[330],[]
CWE-335,Incorrect Usage of Seeds in Pseudo-Random Number Generator (PRNG),allowed,[],3,[330],[]
CWE-336,Same Seed in Pseudo-Random Number Generator (PRNG),allowed,[],4,[335],[]
CWE-337,Predictable Seed in Pseudo-Random Number Generator (PRNG),allowed,[],4,[335],[]
CWE-338,Use of Cryptographically Weak Pseudo-Random Number Generator (PRNG),allowed,[],3,[330],[]
CWE-339,Small Seed Space in PRNG,allowed,[],4,[335],[]
CWE-340,Generation of Predictable Numbers or Identifiers,allowed,[],3,[330],[]
CWE-341,Predictable from Observable State,allowed,[],4,[340],[]
CWE-342,Predictable Exact Value from Previous Values,allowed,[],4,[340],[]
CWE-343,Predictable Value Range from Previous Values,allowed,[],4,[340],[]
CWE-344,Use of Invariant Value in Dynamically Changing Context,allowed,[],3,[330],[]
CWE-345,Insufficient Verification of Data Authenticity,discouraged,[],2,[693],"[111, 141, 142, 148, 218, 384, 385, 386, 387, 388, 665, 701]"
CWE-346,Origin Validation Error,allowed,[],2,"[345, 284]","[111, 141, 142, 160, 21, 384, 385, 386, 387, 388, 510, 59, 60, 75, 76, 89]"
CWE-347,Improper Verification of Cryptographic Signature,allowed,[],3,[345],"[463, 475]"
CWE-348,Use of Less Trusted Source,allowed,[],3,[345],"[141, 142, 73, 76, 85]"
CWE-349,Acceptance of Extraneous Untrusted Data With Trusted Data,allowed,[],3,[345],"[141, 142, 75]"
CWE-350,Reliance on Reverse DNS Resolution for a Security-Critical Action,allowed,[],3,"[290, 807]","[142, 275, 73, 89]"
CWE-351,Insufficient Type Distinction,allowed,[],3,[345],[]
CWE-352,Cross-Site Request Forgery (CSRF),allowed,[],3,[345],"[111, 462, 467, 62]"
CWE-353,Missing Support for Integrity Check,allowed,[],3,[345],"[13, 14, 389, 39, 665, 74, 75]"
CWE-354,Improper Validation of Integrity Check Value,allowed,[],3,"[345, 754]","[145, 463, 75]"
CWE-356,Product UI does not Warn User of Unsafe Actions,allowed,[],3,[221],[]
CWE-357,Insufficient UI Warning of Dangerous Operations,allowed,[],2,[693],[]
CWE-358,Improperly Implemented Security Check for Standard,allowed,[],2,"[573, 693]",[]
CWE-359,Exposure of Private Personal Information to an Unauthorized Actor,allowed,[],4,[200],"[464, 467, 498, 508]"
CWE-360,Trust of System Event Data,allowed,[],3,[345],[]
CWE-362,Concurrent Execution using Shared Resource with Improper Synchronization ('Race Condition'),allowed,[],2,[691],"[26, 29]"
CWE-363,Race Condition Enabling Link Following,allowed,[],4,[367],[26]
CWE-364,Signal Handler Race Condition,allowed,[],3,[362],[]
CWE-365,DEPRECATED: Race Condition in Switch,prohibited,[],1,[],[]
CWE-366,Race Condition within a Thread,allowed,[],3,[362],"[26, 29]"
CWE-367,Time-of-check Time-of-use (TOCTOU) Race Condition,allowed,[],3,[362],"[27, 29]"
CWE-368,Context Switching Race Condition,allowed,[],3,[362],"[26, 29]"
CWE-369,Divide By Zero,allowed,[],2,[682],[]
CWE-370,Missing Check for Certificate Revocation after Initial Check,allowed,[],4,[299],"[26, 29]"
CWE-372,Incomplete Internal State Distinction,discouraged,[],2,[664],"[140, 74]"
CWE-373,DEPRECATED: State Synchronization Error,prohibited,[],1,[],[]
CWE-374,Passing Mutable Objects to an Untrusted Method,allowed,[],3,[668],[]
CWE-375,Returning a Mutable Object to an Untrusted Caller,allowed,[],3,[668],[]
CWE-377,Insecure Temporary File,allowed,[],3,[668],"[149, 155]"
CWE-378,Creation of Temporary File With Insecure Permissions,allowed,[],4,[377],[]
CWE-379,Creation of Temporary File in Directory with Insecure Permissions,allowed,[],4,[377],[]
CWE-382,J2EE Bad Practices: Use of System.exit(),allowed,[],3,[705],[]
CWE-383,J2EE Bad Practices: Direct Use of Threads,allowed,[],4,[695],[]
CWE-384,Session Fixation,allowed,[],3,[610],"[196, 21, 31, 39, 59, 60, 61]"
CWE-385,Covert Timing Channel,allowed,[],4,[514],[462]
CWE-386,Symbolic Name not Mapping to Correct Object,allowed,[],3,[706],[]
CWE-390,Detection of Error Condition Without Action,allowed,[],3,[755],[]
CWE-391,Unchecked Error Condition,prohibited,"[252, 1069, 248]",3,[754],[]
CWE-392,Missing Report of Error Condition,allowed,[],3,"[755, 684]",[]
CWE-393,Return of Wrong Status Code,allowed,[],2,"[684, 703]",[]
CWE-394,Unexpected Status Code or Return Value,allowed,[],3,[754],[]
CWE-395,Use of NullPointerException Catch to Detect NULL Pointer Dereference,allowed,[],3,"[705, 755]",[]
CWE-396,Declaration of Catch for Generic Exception,allowed,[],3,"[705, 755, 221]",[]
CWE-397,Declaration of Throws for Generic Exception,allowed,[],2,"[705, 221, 703]",[]
CWE-400,Uncontrolled Resource Consumption,discouraged,[],2,[664],"[147, 227, 492]"
CWE-401,Missing Release of Memory after Effective Lifetime,allowed,[],4,[772],[]
CWE-402,Transmission of Private Resources into a New Sphere ('Resource Leak'),allowed,[],3,[668],[]
CWE-403,Exposure of File Descriptor to Unintended Control Sphere ('File Descriptor Leak'),allowed,[],4,[402],[]
CWE-404,Improper Resource Shutdown or Release,allowed,[],2,[664],"[125, 130, 131, 494, 495, 496, 666]"
CWE-405,Asymmetric Resource Consumption (Amplification),allowed,[],3,[400],[]
CWE-406,Insufficient Control of Network Message Volume (Network Amplification),allowed,[],4,[405],[]
CWE-407,Inefficient Algorithmic Complexity,allowed,[],4,[405],[]
CWE-408,Incorrect Behavior Order: Early Amplification,allowed,[],3,"[405, 696]",[]
CWE-409,Improper Handling of Highly Compressed Data (Data Amplification),allowed,[],4,[405],[]
CWE-410,Insufficient Resource Pool,allowed,[],2,[664],[]
CWE-412,Unrestricted Externally Accessible Lock,allowed,[],4,[667],[25]
CWE-413,Improper Resource Locking,allowed,[],4,[667],[]
CWE-414,Missing Lock Check,allowed,[],4,[667],[]
CWE-415,Double Free,allowed,[],3,"[825, 1341, 666]",[]
CWE-416,Use After Free,allowed,[],5,[825],[]
CWE-419,Unprotected Primary Channel,allowed,[],3,[923],[383]
CWE-420,Unprotected Alternate Channel,allowed,[],3,[923],[]
CWE-421,Race Condition During Access to Alternate Channel,allowed,[],3,"[420, 362]",[]
CWE-422,Unprotected Windows Messaging Channel ('Shatter'),allowed,[],4,"[420, 360]",[]
CWE-423,DEPRECATED: Proxied Trusted Channel,prohibited,[],1,[],[]
CWE-424,Improper Protection of Alternate Path,allowed,[],2,"[693, 638]","[127, 554]"
CWE-425,Direct Request ('Forced Browsing'),allowed,[],3,"[862, 288, 424]","[127, 143, 144, 668, 87]"
CWE-426,Untrusted Search Path,allowed,[],3,"[642, 673]",[38]
CWE-427,Uncontrolled Search Path Element,allowed,[],3,[668],"[38, 471]"
CWE-428,Unquoted Search Path or Element,allowed,[],3,[668],[]
CWE-430,Deployment of Wrong Handler,allowed,[],2,[691],[11]
CWE-431,Missing Handler,allowed,[],2,[691],[]
CWE-432,Dangerous Signal Handler not Disabled During Sensitive Operations,allowed,[],4,[364],[]
CWE-433,Unparsed Raw Web Content Delivery,allowed,[],5,[219],[]
CWE-434,Unrestricted Upload of File with Dangerous Type,allowed,[],3,[669],[1]
CWE-435,Improper Interaction Between Multiple Correctly-Behaving Entities,discouraged,[],1,[],[]
CWE-436,Interpretation Conflict,allowed,[],2,[435],"[105, 273, 34]"
CWE-437,Incomplete Model of Endpoint Features,allowed,[],3,[436],[]
CWE-439,Behavioral Change in New Version or Environment,allowed,[],2,[435],[]
CWE-440,Expected Behavior Violation,allowed,[],3,[684],[]
CWE-441,Unintended Proxy or Intermediary ('Confused Deputy'),allowed,[],3,[610],"[219, 465]"
CWE-443,DEPRECATED: HTTP response splitting,prohibited,[],1,[],[]
CWE-444,Inconsistent Interpretation of HTTP Requests ('HTTP Request/Response Smuggling'),allowed,[],3,[436],"[273, 33]"
CWE-446,UI Discrepancy for Security Feature,allowed,[],3,[684],[]
CWE-447,Unimplemented or Unsupported Feature in UI,allowed,[],4,"[446, 671]",[]
CWE-448,Obsolete Feature in UI,allowed,[],4,[446],[]
CWE-449,The UI Performs the Wrong Action,allowed,[],4,[446],[]
CWE-450,Multiple Interpretations of UI Input,allowed,[],3,[357],[]
CWE-451,User Interface (UI) Misrepresentation of Critical Information,allowed,[],3,"[684, 221]","[154, 163, 164, 173, 98]"
CWE-453,Insecure Default Variable Initialization,allowed,[],5,[1188],[]
CWE-454,External Initialization of Trusted Variables or Data Stores,allowed,[],4,[1419],[]
CWE-455,Non-exit on Failed Initialization,allowed,[],3,"[665, 705, 636]",[]
CWE-456,Missing Initialization of a Variable,allowed,[],4,[909],[]
CWE-457,Use of Uninitialized Variable,allowed,[],4,[908],[]
CWE-458,DEPRECATED: Incorrect Initialization,prohibited,[],1,[],[]
CWE-459,Incomplete Cleanup,allowed,[],3,[404],[]
CWE-460,Improper Cleanup on Thrown Exception,allowed,[],3,"[459, 755]",[]
CWE-462,Duplicate Key in Associative List (Alist),allowed,[],4,[694],[]
CWE-463,Deletion of Data Structure Sentinel,allowed,[],2,[707],[]
CWE-464,Addition of Data Structure Sentinel,allowed,[],3,[138],[]
CWE-466,Return of Pointer Value Outside of Expected Range,allowed,[],4,[119],[]
CWE-467,Use of sizeof() on a Pointer Type,allowed,[],3,[131],[]
CWE-468,Incorrect Pointer Scaling,allowed,[],2,[682],[]
CWE-469,Use of Pointer Subtraction to Determine Size,allowed,[],2,[682],[]
CWE-470,Use of Externally-Controlled Input to Select Classes or Code ('Unsafe Reflection'),allowed,[],3,"[913, 610]",[138]
CWE-471,Modification of Assumed-Immutable Data (MAID),allowed,[],2,[664],"[384, 385, 386, 387, 388]"
CWE-472,External Control of Assumed-Immutable Web Parameter,allowed,[],3,"[642, 471]","[146, 226, 31, 39]"
CWE-473,PHP External Variable Modification,allowed,[],3,[471],[77]
CWE-474,Use of Function with Inconsistent Implementations,allowed,[],3,[758],[]
CWE-475,Undefined Behavior for Input to API,allowed,[],3,[573],[]
CWE-476,NULL Pointer Dereference,allowed,[],2,"[710, 754]",[]
CWE-477,Use of Obsolete Function,allowed,[],2,[710],[]
CWE-478,Missing Default Case in Multiple Condition Expression,allowed,[],3,[1023],[]
CWE-479,Signal Handler Use of a Non-reentrant Function,allowed,[],4,"[828, 663]",[]
CWE-480,Use of Incorrect Operator,allowed,[],3,[670],[]
CWE-481,Assigning instead of Comparing,allowed,[],4,[480],[]
CWE-482,Comparing instead of Assigning,allowed,[],4,[480],[]
CWE-483,Incorrect Block Delimitation,allowed,[],3,[670],[]
CWE-484,Omitted Break Statement in Switch,allowed,[],2,"[710, 670]",[]
CWE-486,Comparison of Classes by Name,allowed,[],3,[1025],[]
CWE-487,Reliance on Package-level Scope,allowed,[],2,[664],[]
CWE-488,Exposure of Data Element to Wrong Session,allowed,[],3,[668],"[59, 60]"
CWE-489,Active Debug Code,allowed,[],2,[710],"[121, 661]"
CWE-491,Public cloneable() Method Without Final ('Object Hijack'),allowed,[],3,[668],[]
CWE-492,Use of Inner Class Containing Sensitive Data,allowed,[],3,[668],[]
CWE-493,Critical Public Variable Without Final Modifier,allowed,[],3,[668],[]
CWE-494,Download of Code Without Integrity Check,allowed,[],3,"[345, 669]","[184, 185, 186, 187, 533, 538, 657, 662, 691, 692, 693, 695]"
CWE-495,Private Data Structure Returned From A Public Method,allowed,[],2,[664],[]
CWE-496,Public Data Assigned to Private Array-Typed Field,allowed,[],2,[664],[]
CWE-497,Exposure of Sensitive System Information to an Unauthorized Control Sphere,allowed,[],4,[200],"[170, 694]"
CWE-498,Cloneable Class Containing Sensitive Information,allowed,[],3,[668],[]
CWE-499,Serializable Class Containing Sensitive Data,allowed,[],3,[668],[]
CWE-500,Public Static Field Not Marked Final,allowed,[],4,[493],[]
CWE-501,Trust Boundary Violation,allowed,[],2,[664],[]
CWE-502,Deserialization of Untrusted Data,allowed,[],3,[913],[586]
CWE-506,Embedded Malicious Code,allowed,[],4,[912],"[442, 448, 636]"
CWE-507,Trojan Horse,allowed,[],5,[506],[698]
CWE-508,Non-Replicating Malicious Code,allowed,[],6,[507],[]
CWE-509,Replicating Malicious Code (Virus or Worm),allowed,[],6,[507],[]
CWE-510,Trapdoor,allowed,[],5,[506],[]
CWE-511,Logic/Time Bomb,allowed,[],5,[506],[]
CWE-512,Spyware,allowed,[],5,[506],[]
CWE-514,Covert Channel,allowed,[],3,[1229],[463]
CWE-515,Covert Storage Channel,allowed,[],4,[514],[]
CWE-516,DEPRECATED: Covert Timing Channel,prohibited,[],1,[],[]
CWE-520,.NET Misconfiguration: Use of Impersonation,allowed,[],4,[266],[]
CWE-521,Weak Password Requirements,allowed,[],5,[1391],"[112, 16, 49, 509, 55, 555, 561, 565, 70]"
CWE-522,Insufficiently Protected Credentials,allowed,[],3,"[1390, 668]","[102, 474, 50, 509, 551, 555, 560, 561, 600, 644, 645, 652, 653]"
CWE-523,Unprotected Transport of Credentials,allowed,[],4,[522],[102]
CWE-524,Use of Cache Containing Sensitive Information,allowed,[],3,[668],[204]
CWE-525,Use of Web Browser Cache Containing Sensitive Information,allowed,[],4,[524],[37]
CWE-526,Cleartext Storage of Sensitive Information in an Environment Variable,allowed,[],4,[312],[]
CWE-527,Exposure of Version-Control Repository to an Unauthorized Control Sphere,allowed,[],4,[552],[]
CWE-528,Exposure of Core Dump File to an Unauthorized Control Sphere,allowed,[],4,[552],[]
CWE-529,Exposure of Access Control List Files to an Unauthorized Control Sphere,allowed,[],4,[552],[]
CWE-530,Exposure of Backup File to an Unauthorized Control Sphere,allowed,[],4,[552],[]
CWE-531,Inclusion of Sensitive Information in Test Code,allowed,[],6,[540],[]
CWE-532,Insertion of Sensitive Information into Log File,allowed,[],5,[538],[215]
CWE-533,DEPRECATED: Information Exposure Through Server Log Files,prohibited,[],1,[],[]
CWE-534,DEPRECATED: Information Exposure Through Debug Log Files,prohibited,[],1,[],[]
CWE-535,Exposure of Information Through Shell Error Message,allowed,[],5,[211],[]
CWE-536,Servlet Runtime Error Message Containing Sensitive Information,allowed,[],5,[211],[]
CWE-537,Java Runtime Error Message Containing Sensitive Information,allowed,[],5,[211],[]
CWE-538,Insertion of Sensitive Information into Externally-Accessible File or Directory,allowed,[],4,[200],[95]
CWE-539,Use of Persistent Cookies Containing Sensitive Information,allowed,[],4,[552],"[21, 31, 39, 59, 60]"
CWE-540,Inclusion of Sensitive Information in Source Code,allowed,[],5,[538],[]
CWE-541,Inclusion of Sensitive Information in an Include File,allowed,[],6,[540],[]
CWE-542,DEPRECATED: Information Exposure Through Cleanup Log Files,prohibited,[],1,[],[]
CWE-543,Use of Singleton Pattern Without Synchronization in a Multithreaded Context,allowed,[],4,[820],[]
CWE-544,Missing Standardized Error Handling Mechanism,allowed,[],3,[755],[]
CWE-545,DEPRECATED: Use of Dynamic Class Loading,prohibited,[],1,[],[]
CWE-546,Suspicious Comment,allowed,[],4,[1078],[]
CWE-547,"Use of Hard-coded, Security-relevant Constants",allowed,[],4,[1078],[]
CWE-548,Exposure of Information Through Directory Listing,allowed,[],5,[497],[]
CWE-549,Missing Password Field Masking,allowed,[],4,[522],[]
CWE-550,Server-generated Error Message Containing Sensitive Information,allowed,[],4,[209],[]
CWE-551,Incorrect Behavior Order: Authorization Before Parsing and Canonicalization,allowed,[],3,"[863, 696]",[]
CWE-552,Files or Directories Accessible to External Parties,allowed,[],3,"[668, 285]","[150, 639]"
CWE-553,Command Shell in Externally Accessible Directory,allowed,[],4,[552],[650]
CWE-554,ASP.NET Misconfiguration: Not Using Input Validation Framework,allowed,[],4,[1173],[]
CWE-555,J2EE Misconfiguration: Plaintext Password in Configuration File,allowed,[],5,[260],[]
CWE-556,ASP.NET Misconfiguration: Use of Identity Impersonation,allowed,[],4,[266],[]
CWE-558,Use of getlogin() in Multithreaded Application,allowed,[],4,[663],[]
CWE-560,Use of umask() with chmod-style Argument,allowed,[],5,[687],[]
CWE-561,Dead Code,allowed,[],3,[1164],[]
CWE-562,Return of Stack Variable Address,allowed,[],3,[758],[]
CWE-563,Assignment to Variable without Use,allowed,[],3,[1164],[]
CWE-564,SQL Injection: Hibernate,allowed,[],5,[89],[109]
CWE-565,Reliance on Cookies without Validation and Integrity Checking,allowed,[],3,"[642, 602]","[226, 31, 39]"
CWE-566,Authorization Bypass Through User-Controlled SQL Primary Key,allowed,[],5,[639],[]
CWE-567,Unsynchronized Access to Shared Data in a Multithreaded Context,allowed,[],4,[820],[25]
CWE-568,finalize() Method Without super.finalize(),allowed,[],3,"[573, 459]",[]
CWE-570,Expression is Always False,allowed,[],2,[710],[]
CWE-571,Expression is Always True,allowed,[],2,[710],[]
CWE-572,Call to Thread run() instead of start(),allowed,[],4,[821],[]
CWE-573,Improper Following of Specification by Caller,allowed,[],2,[710],[]
CWE-574,EJB Bad Practices: Use of Synchronization Primitives,allowed,[],4,"[695, 821]",[]
CWE-575,EJB Bad Practices: Use of AWT Swing,allowed,[],4,[695],[]
CWE-576,EJB Bad Practices: Use of Java I/O,allowed,[],4,[695],[]
CWE-577,EJB Bad Practices: Use of Sockets,allowed,[],3,[573],[]
CWE-578,EJB Bad Practices: Use of Class Loader,allowed,[],3,[573],[]
CWE-579,J2EE Bad Practices: Non-serializable Object Stored in Session,allowed,[],3,[573],[]
CWE-580,clone() Method Without super.clone(),allowed,[],2,"[664, 573]",[]
CWE-581,Object Model Violation: Just One of Equals and Hashcode Defined,allowed,[],2,"[573, 697]",[]
CWE-582,"Array Declared Public, Final, and Static",allowed,[],3,[668],[]
CWE-583,finalize() Method Declared Public,allowed,[],3,[668],[]
CWE-584,Return Inside Finally Block,allowed,[],3,[705],[]
CWE-585,Empty Synchronized Block,allowed,[],4,[1071],[]
CWE-586,Explicit Call to Finalize(),allowed,[],3,[1076],[]
CWE-587,Assignment of a Fixed Address to a Pointer,allowed,[],3,"[344, 758]",[]
CWE-588,Attempt to Access Child of a Non-structure Pointer,allowed,[],3,"[704, 758]",[]
CWE-589,Call to Non-ubiquitous API,allowed,[],4,[474],[96]
CWE-590,Free of Memory not on the Heap,allowed,[],5,[762],[]
CWE-591,Sensitive Data Storage in Improperly Locked Memory,allowed,[],5,[413],[]
CWE-592,DEPRECATED: Authentication Bypass Issues,prohibited,[],1,[],[]
CWE-593,Authentication Bypass: OpenSSL CTX Object Modified after SSL Objects are Created,allowed,[],3,"[666, 1390]",[94]
CWE-594,J2EE Framework: Saving Unserializable Objects to Disk,allowed,[],3,[1076],[]
CWE-595,Comparison of Object References Instead of Object Contents,allowed,[],3,[1025],[]
CWE-596,DEPRECATED: Incorrect Semantic Object Comparison,prohibited,[],1,[],[]
CWE-597,Use of Wrong Operator in String Comparison,allowed,[],4,"[595, 480]",[]
CWE-598,Use of GET Request Method With Sensitive Query Strings,allowed,[],5,[201],[]
CWE-599,Missing Validation of OpenSSL Certificate,allowed,[],4,[295],[]
CWE-600,Uncaught Exception in Servlet ,allowed,[],4,[248],[]
CWE-601,URL Redirection to Untrusted Site ('Open Redirect'),allowed,[],3,[610],[178]
CWE-602,Client-Side Enforcement of Server-Side Security,allowed,[],2,[693],"[162, 202, 207, 208, 21, 31, 383, 384, 385, 386, 387, 388]"
CWE-603,Use of Client-Side Authentication,allowed,[],3,"[1390, 602]",[]
CWE-605,Multiple Binds to the Same Port,allowed,[],3,"[675, 666]",[]
CWE-606,Unchecked Input for Loop Condition,allowed,[],4,[1284],[]
CWE-607,Public Static Final Field References Mutable Object,allowed,[],3,[471],[]
CWE-608,Struts: Non-private Field in ActionForm Class,allowed,[],3,[668],[]
CWE-609,Double-Checked Locking,allowed,[],4,[667],[]
CWE-610,Externally Controlled Reference to a Resource in Another Sphere,discouraged,[],2,[664],[219]
CWE-611,Improper Restriction of XML External Entity Reference,allowed,[],3,[610],[221]
CWE-612,Improper Authorization of Index Containing Sensitive Information,allowed,[],4,[1230],[]
CWE-613,Insufficient Session Expiration,allowed,[],4,[672],[]
CWE-614,Sensitive Cookie in HTTPS Session Without 'Secure' Attribute,allowed,[],4,[319],[102]
CWE-615,Inclusion of Sensitive Information in Source Code Comments,allowed,[],6,[540],[]
CWE-616,Incomplete Identification of Uploaded File Variables (PHP),allowed,[],3,[345],[]
CWE-617,Reachable Assertion,allowed,[],3,[670],[]
CWE-618,Exposed Unsafe ActiveX Method,allowed,[],3,[749],[]
CWE-619,Dangling Database Cursor ('Cursor Injection'),allowed,[],4,[402],[]
CWE-620,Unverified Password Change,allowed,[],4,[1390],[]
CWE-621,Variable Extraction Error,allowed,[],4,[914],[]
CWE-622,Improper Validation of Function Hook Arguments,allowed,[],3,[20],[]
CWE-623,Unsafe ActiveX Control Marked Safe For Scripting,allowed,[],4,[267],[]
CWE-624,Executable Regular Expression Error,allowed,[],4,[77],[]
CWE-625,Permissive Regular Expression,allowed,[],3,[185],[]
CWE-626,Null Byte Interaction Error (Poison Null Byte),allowed,[],3,"[147, 436]",[]
CWE-627,Dynamic Variable Evaluation,allowed,[],4,[914],[]
CWE-628,Function Call with Incorrectly Specified Arguments,allowed,[],3,[573],[]
CWE-636,Not Failing Securely ('Failing Open'),allowed,[],3,"[657, 755]",[]
CWE-637,Unnecessary Complexity in Protection Mechanism (Not Using 'Economy of Mechanism'),allowed,[],3,[657],[]
CWE-638,Not Using Complete Mediation,allowed,[],3,"[657, 862]",[104]
CWE-639,Authorization Bypass Through User-Controlled Key,allowed,[],4,[863],[]
CWE-640,Weak Password Recovery Mechanism for Forgotten Password,allowed,[],4,[1390],[50]
CWE-641,Improper Restriction of Names for Files and Other Resources,allowed,[],4,[99],[]
CWE-642,External Control of Critical State Data,allowed,[],3,[668],"[21, 31]"
CWE-643,Improper Neutralization of Data within XPath Expressions ('XPath Injection'),allowed,[],4,"[943, 91]",[]
CWE-644,Improper Neutralization of HTTP Headers for Scripting Syntax,allowed,[],3,[116],[]
CWE-645,Overly Restrictive Account Lockout Mechanism,allowed,[],3,[287],[2]
CWE-646,Reliance on File Name or Extension of Externally-Supplied File,allowed,[],3,[345],[209]
CWE-647,Use of Non-Canonical URL Paths for Authorization Decisions,allowed,[],4,[863],[]
CWE-648,Incorrect Use of Privileged APIs,allowed,[],3,[269],"[107, 234]"
CWE-649,Reliance on Obfuscation or Encryption of Security-Relevant Inputs without Integrity Checking,allowed,[],3,[345],[463]
CWE-650,Trusting HTTP Permission Methods on the Server Side,allowed,[],3,[436],[]
CWE-651,Exposure of WSDL File Containing Sensitive Information,allowed,[],5,[538],[]
CWE-652,Improper Neutralization of Data within XQuery Expressions ('XQuery Injection'),allowed,[],4,"[943, 91]",[]
CWE-653,Improper Isolation or Compartmentalization,allowed,[],2,"[657, 693]",[]
CWE-654,Reliance on a Single Factor in a Security Decision,allowed,[],2,"[657, 693]","[16, 274, 49, 55, 560, 565, 600, 652, 653, 70]"
CWE-655,Insufficient Psychological Acceptability,allowed,[],2,"[657, 693]",[]
CWE-656,Reliance on Security Through Obscurity,allowed,[],2,"[657, 693]",[]
CWE-657,Violation of Secure Design Principles,discouraged,[],2,[710],[]
CWE-662,Improper Synchronization,discouraged,[],2,"[664, 691]","[25, 26, 27, 29]"
CWE-663,Use of a Non-reentrant Function in a Concurrent Context,allowed,[],3,[662],[29]
CWE-664,Improper Control of a Resource Through its Lifetime,discouraged,[],1,[],"[196, 21, 60, 61, 62]"
CWE-665,Improper Initialization,discouraged,[],2,[664],"[26, 29]"
CWE-666,Operation on Resource in Wrong Phase of Lifetime,discouraged,[],2,[664],[]
CWE-667,Improper Locking,allowed,[],3,[662],"[25, 26, 27]"
CWE-668,Exposure of Resource to Wrong Sphere,discouraged,[],2,[664],[]
CWE-669,Incorrect Resource Transfer Between Spheres,allowed,[],2,[664],[]
CWE-670,Always-Incorrect Control Flow Implementation,allowed,[],2,[691],[]
CWE-671,Lack of Administrator Control over Security,allowed,[],3,[657],[]
CWE-672,Operation on a Resource after Expiration or Release,allowed,[],3,[666],[]
CWE-673,External Influence of Sphere Definition,allowed,[],2,[664],[]
CWE-674,Uncontrolled Recursion,allowed,[],3,[834],"[230, 231]"
CWE-675,Multiple Operations on Resource in Single-Operation Context,allowed,[],3,[573],[]
CWE-676,Use of Potentially Dangerous Function,allowed,[],3,[1177],[]
CWE-680,Integer Overflow to Buffer Overflow,discouraged,[],3,[190],"[10, 100, 14, 24, 45, 46, 47, 67, 8, 9, 92]"
CWE-681,Incorrect Conversion between Numeric Types,allowed,[],3,[704],[]
CWE-682,Incorrect Calculation,discouraged,[],1,[],"[128, 129]"
CWE-683,Function Call With Incorrect Order of Arguments,allowed,[],4,[628],[]
CWE-684,Incorrect Provision of Specified Functionality,allowed,[],2,[710],[]
CWE-685,Function Call With Incorrect Number of Arguments,allowed,[],4,[628],[]
CWE-686,Function Call With Incorrect Argument Type,allowed,[],4,[628],[]
CWE-687,Function Call With Incorrectly Specified Argument Value,allowed,[],4,[628],[]
CWE-688,Function Call With Incorrect Variable or Reference as Argument,allowed,[],4,[628],[]
CWE-689,Permission Race Condition During Resource Copy,allowed,[],3,[362],"[26, 27]"
CWE-690,Unchecked Return Value to NULL Pointer Dereference,discouraged,[],4,[252],[]
CWE-691,Insufficient Control Flow Management,discouraged,[],1,[],[29]
CWE-692,Incomplete Denylist to Cross-Site Scripting,discouraged,[],3,[184],"[120, 267, 71, 80, 85]"
CWE-693,Protection Mechanism Failure,discouraged,[],1,[],"[1, 107, 127, 17, 20, 22, 237, 36, 477, 480, 51, 57, 59, 65, 668, 74, 87]"
CWE-694,Use of Multiple Resources with Duplicate Identifier,allowed,[],3,"[99, 573]",[]
CWE-695,Use of Low-Level Functionality,allowed,[],3,[573],[36]
CWE-696,Incorrect Behavior Order,allowed,[],2,[691],[463]
CWE-697,Incorrect Comparison,discouraged,[],1,[],"[10, 120, 14, 15, 182, 24, 267, 3, 41, 43, 44, 45, 46, 47, 52, 53, 6, 64, 67, 7, 71, 73, 78, 79, 8, 80, 88, 9, 92]"
CWE-698,Execution After Redirect (EAR),allowed,[],3,"[705, 670]",[]
CWE-703,Improper Check or Handling of Exceptional Conditions,discouraged,[],1,[],[]
CWE-704,Incorrect Type Conversion or Cast,allowed,[],2,[664],[]
CWE-705,Incorrect Control Flow Scoping,allowed,[],2,[691],[]
CWE-706,Use of Incorrectly-Resolved Name or Reference,allowed,[],2,[664],"[159, 177, 48, 641]"
CWE-707,Improper Neutralization,discouraged,[],1,[],"[250, 276, 277, 278, 279, 3, 43, 468, 52, 53, 64, 7, 78, 79, 83, 84]"
CWE-708,Incorrect Ownership Assignment,allowed,[],3,[282],[]
CWE-710,Improper Adherence to Coding Standards,discouraged,[],1,[],[]
CWE-732,Incorrect Permission Assignment for Critical Resource,allowed,[],3,"[285, 668]","[1, 122, 127, 17, 180, 206, 234, 60, 61, 62, 642]"
CWE-733,Compiler Optimization Removal or Modification of Security-critical Code,allowed,[],3,[1038],"[10, 24, 46, 8, 9]"
CWE-749,Exposed Dangerous Method or Function,allowed,[],2,[284],[500]
CWE-754,Improper Check for Unusual or Exceptional Conditions,allowed,[],2,[703],[]
CWE-755,Improper Handling of Exceptional Conditions,discouraged,[],2,[703],[]
CWE-756,Missing Custom Error Page,allowed,[],3,[755],[]
CWE-757,Selection of Less-Secure Algorithm During Negotiation ('Algorithm Downgrade'),allowed,[],2,[693],"[220, 606, 620]"
CWE-758,"Reliance on Undefined, Unspecified, or Implementation-Defined Behavior",allowed,[],2,[710],[]
CWE-759,Use of a One-Way Hash without a Salt,allowed,[],5,[916],[]
CWE-760,Use of a One-Way Hash with a Predictable Salt,allowed,[],5,[916],[]
CWE-761,Free of Pointer not at Start of Buffer,allowed,[],4,[763],[]
CWE-762,Mismatched Memory Management Routines,allowed,[],4,[763],[]
CWE-763,Release of Invalid Pointer or Reference,allowed,[],3,[404],[]
CWE-764,Multiple Locks of a Critical Resource,allowed,[],4,"[667, 675]",[]
CWE-765,Multiple Unlocks of a Critical Resource,allowed,[],4,"[667, 675]",[]
CWE-766,Critical Data Element Declared Public,allowed,[],3,"[732, 1061]",[]
CWE-767,Access to Critical Private Variable via Public Method,allowed,[],3,[668],[]
CWE-768,Incorrect Short Circuit Evaluation,allowed,[],2,[691],[]
CWE-769,DEPRECATED: Uncontrolled File Descriptor Consumption,prohibited,[],1,[],[]
CWE-770,Allocation of Resources Without Limits or Throttling,allowed,[],3,"[400, 665]","[125, 130, 147, 197, 229, 230, 231, 469, 482, 486, 487, 488, 489, 490, 491, 493, 494, 495, 496, 528]"
CWE-771,Missing Reference to Active Allocated Resource,allowed,[],3,[400],[]
CWE-772,Missing Release of Resource after Effective Lifetime,allowed,[],3,[404],[469]
CWE-773,Missing Reference to Active File Descriptor or Handle,allowed,[],4,[771],[]
CWE-774,Allocation of File Descriptors or Handles Without Limits or Throttling,allowed,[],4,[770],[]
CWE-775,Missing Release of File Descriptor or Handle after Effective Lifetime,allowed,[],4,[772],[]
CWE-776,Improper Restriction of Recursive Entity References in DTDs ('XML Entity Expansion'),allowed,[],4,"[674, 405]",[197]
CWE-777,Regular Expression without Anchors,allowed,[],4,[625],[]
CWE-778,Insufficient Logging,allowed,[],4,[223],[]
CWE-779,Logging of Excessive Data,allowed,[],3,[400],[]
CWE-780,Use of RSA Algorithm without OAEP,allowed,[],3,[327],[]
CWE-781,Improper Address Validation in IOCTL with METHOD_NEITHER I/O Control Code,allowed,[],4,[1285],[]
CWE-782,Exposed IOCTL with Insufficient Access Control,allowed,[],3,[749],[]
CWE-783,Operator Precedence Logic Error,allowed,[],3,[670],[]
CWE-784,Reliance on Cookies without Validation and Integrity Checking in a Security Decision,allowed,[],3,"[807, 565]",[]
CWE-785,Use of Path Manipulation Function without Maximum-sized Buffer,allowed,[],4,"[676, 120]",[]
CWE-786,Access of Memory Location Before Start of Buffer,discouraged,[],4,[119],[]
CWE-787,Out-of-bounds Write,allowed,[],4,[119],[]
CWE-788,Access of Memory Location After End of Buffer,discouraged,[],4,[119],[]
CWE-789,Memory Allocation with Excessive Size Value,allowed,[],4,[770],[]
CWE-790,Improper Filtering of Special Elements,allowed,[],3,[138],[]
CWE-791,Incomplete Filtering of Special Elements,allowed,[],4,[790],[]
CWE-792,Incomplete Filtering of One or More Instances of Special Elements,allowed,[],5,[791],[]
CWE-793,Only Filtering One Instance of a Special Element,allowed,[],6,[792],[]
CWE-794,Incomplete Filtering of Multiple Instances of Special Elements,allowed,[],6,[792],[]
CWE-795,Only Filtering Special Elements at a Specified Location,allowed,[],5,[791],[]
CWE-796,Only Filtering Special Elements Relative to a Marker,allowed,[],6,[795],[]
CWE-797,Only Filtering Special Elements at an Absolute Position,allowed,[],6,[795],[]
CWE-798,Use of Hard-coded Credentials,allowed,[],4,"[1391, 344, 671]","[191, 70]"
CWE-799,Improper Control of Interaction Frequency,allowed,[],2,[691],[]
CWE-804,Guessable CAPTCHA,allowed,[],4,"[863, 1390]",[]
CWE-805,Buffer Access with Incorrect Length Value,allowed,[],4,[119],"[100, 256]"
CWE-806,Buffer Access Using Size of Source Buffer,allowed,[],5,[805],[]
CWE-807,Reliance on Untrusted Inputs in a Security Decision,allowed,[],2,[693],[]
CWE-820,Missing Synchronization,allowed,[],3,[662],[]
CWE-821,Incorrect Synchronization,allowed,[],3,[662],[]
CWE-822,Untrusted Pointer Dereference,allowed,[],4,[119],[129]
CWE-823,Use of Out-of-range Pointer Offset,allowed,[],4,[119],[129]
CWE-824,Access of Uninitialized Pointer,allowed,[],4,[119],[]
CWE-825,Expired Pointer Dereference,allowed,[],4,"[119, 672]",[]
CWE-826,Premature Release of Resource During Expected Lifetime,allowed,[],3,[666],[]
CWE-827,Improper Control of Document Type Definition,allowed,[],3,"[706, 829]",[]
CWE-828,Signal Handler with Functionality that is not Asynchronous-Safe,allowed,[],4,[364],[]
CWE-829,Inclusion of Functionality from Untrusted Control Sphere,allowed,[],3,[669],"[175, 201, 228, 251, 252, 253, 263, 538, 549, 640, 660, 695, 698]"
CWE-830,Inclusion of Web Functionality from an Untrusted Source,allowed,[],4,[829],[]
CWE-831,Signal Handler Function Associated with Multiple Signals,allowed,[],4,[364],[]
CWE-832,Unlock of a Resource that is not Locked,allowed,[],4,[667],[]
CWE-833,Deadlock,allowed,[],4,[667],[25]
CWE-834,Excessive Iteration,discouraged,[],2,[691],[]
CWE-835,Loop with Unreachable Exit Condition ('Infinite Loop'),allowed,[],3,[834],[]
CWE-836,Use of Password Hash Instead of Password for Authentication,allowed,[],4,[1390],"[644, 652]"
CWE-837,"Improper Enforcement of a Single, Unique Action",allowed,[],3,[799],[]
CWE-838,Inappropriate Encoding for Output Context,allowed,[],3,[116],[468]
CWE-839,Numeric Range Comparison Without Minimum Check,allowed,[],3,[1023],[]
CWE-841,Improper Enforcement of Behavioral Workflow,allowed,[],2,[691],[]
CWE-842,Placement of User into Incorrect Group,allowed,[],3,[286],[]
CWE-843,Access of Resource Using Incompatible Type ('Type Confusion'),allowed,[],3,[704],[]
CWE-862,Missing Authorization,allowed,[],3,[285],[665]
CWE-863,Incorrect Authorization,allowed,[],3,[285],[]
CWE-908,Use of Uninitialized Resource,allowed,[],3,[665],[]
CWE-909,Missing Initialization of Resource,allowed,[],3,[665],[]
CWE-910,Use of Expired File Descriptor,allowed,[],4,[672],[]
CWE-911,Improper Update of Reference Count,allowed,[],2,[664],[]
CWE-912,Hidden Functionality,allowed,[],3,[684],"[133, 190]"
CWE-913,Improper Control of Dynamically-Managed Code Resources,allowed,[],2,[664],[]
CWE-914,Improper Control of Dynamically-Identified Variables,allowed,[],3,"[99, 913]",[]
CWE-915,Improperly Controlled Modification of Dynamically-Determined Object Attributes,allowed,[],3,[913],[]
CWE-916,Use of Password Hash With Insufficient Computational Effort,allowed,[],4,[328],[55]
CWE-917,Improper Neutralization of Special Elements used in an Expression Language Statement ('Expression Language Injection'),allowed,[],4,[77],[]
CWE-918,Server-Side Request Forgery (SSRF),allowed,[],4,[441],[664]
CWE-920,Improper Restriction of Power Consumption,allowed,[],3,[400],[]
CWE-921,Storage of Sensitive Data in a Mechanism without Access Control,allowed,[],3,[922],[]
CWE-922,Insecure Storage of Sensitive Information,allowed,[],2,[664],[]
CWE-923,Improper Restriction of Communication Channel to Intended Endpoints,allowed,[],2,[284],"[161, 481, 501, 697]"
CWE-924,Improper Enforcement of Message Integrity During Transmission in a Communication Channel,allowed,[],3,[345],[]
CWE-925,Improper Verification of Intent by Broadcast Receiver,allowed,[],4,[940],[499]
CWE-926,Improper Export of Android Application Components,allowed,[],3,[285],[]
CWE-927,Use of Implicit Intent for Sensitive Communication,allowed,[],3,"[285, 668]",[]
CWE-939,Improper Authorization in Handler for Custom URL Scheme,allowed,[],4,[862],[]
CWE-940,Improper Verification of Source of a Communication Channel,allowed,[],3,"[923, 346]","[500, 594, 595, 596]"
CWE-941,Incorrectly Specified Destination in a Communication Channel,allowed,[],3,[923],[]
CWE-942,Permissive Cross-domain Policy with Untrusted Domains,allowed,[],3,"[863, 923, 183]",[]
CWE-943,Improper Neutralization of Special Elements in Data Query Logic,allowed,[],3,[74],[676]
CWE-1004,Sensitive Cookie Without 'HttpOnly' Flag,allowed,[],4,[732],[]
CWE-1007,Insufficient Visual Distinction of Homoglyphs Presented to User,allowed,[],4,[451],[632]
CWE-1021,Improper Restriction of Rendered UI Layers or Frames,allowed,[],4,"[441, 451]","[103, 181, 222, 504, 506, 587, 654]"
CWE-1022,Use of Web Link to Untrusted Target with window.opener Access,allowed,[],4,[266],[]
CWE-1023,Incomplete Comparison with Missing Factors,allowed,[],2,[697],[]
CWE-1024,Comparison of Incompatible Types,allowed,[],2,[697],[]
CWE-1025,Comparison Using Wrong Factors,allowed,[],2,[697],[]
CWE-1037,Processor Optimization Removal or Modification of Security-critical Code,allowed,[],3,[1038],[663]
CWE-1038,Insecure Automated Optimizations,allowed,[],2,"[435, 758]",[]
CWE-1039,Inadequate Detection or Handling of Adversarial Input Perturbations in Automated Recognition Mechanism,allowed,[],2,"[693, 697]",[]
CWE-1041,Use of Redundant Code,prohibited,[],2,[710],[]
CWE-1042,Static Member Data Element outside of a Singleton Class Element,prohibited,[],5,[1176],[]
CWE-1043,Data Element Aggregating an Excessively Large Number of Non-Primitive Elements,prohibited,[],3,[1093],[]
CWE-1044,Architecture with Number of Horizontal Layers Outside of Expected Range,prohibited,[],2,[710],[]
CWE-1045,Parent Class with a Virtual Destructor and a Child Class without a Virtual Destructor,allowed,[],3,[1076],[]
CWE-1046,Creation of Immutable Text Using String Concatenation,allowed,[],5,[1176],[]
CWE-1047,Modules with Circular Dependencies,prohibited,[],3,[1120],[]
CWE-1048,Invokable Control Element with Large Number of Outward Calls,prohibited,[],2,[710],[]
CWE-1049,Excessive Data Query Operations in a Large Data Table,allowed,[],5,[1176],[]
CWE-1050,Excessive Platform Resource Consumption within a Loop,allowed,[],4,[405],[]
CWE-1051,Initialization with Hard-Coded Network Resource Configuration Data,prohibited,[],4,[1419],[]
CWE-1052,Excessive Use of Hard-Coded Literals in Initialization,allowed,[],4,[1419],[]
CWE-1053,Missing Documentation for Design,prohibited,[],3,[1059],[]
CWE-1054,Invocation of a Control Element at an Unnecessarily Deep Horizontal Layer,prohibited,[],3,[1061],[]
CWE-1055,Multiple Inheritance from Concrete Classes,prohibited,[],3,[1093],[]
CWE-1056,Invokable Control Element with Variadic Parameters,prohibited,[],3,[1120],[]
CWE-1057,Data Access Operations Outside of Expected Data Manager Component,prohibited,[],3,[1061],[]
CWE-1058,Invokable Control Element in Multi-Thread Context with non-Final Static Storable or Member Element,allowed,[],3,[662],[]
CWE-1059,Insufficient Technical Documentation,prohibited,[],2,[710],[]
CWE-1060,Excessive Number of Inefficient Server-Side Data Accesses,prohibited,[],3,[1120],[]
CWE-1061,Insufficient Encapsulation,allowed,[],2,[710],[]
CWE-1062,Parent Class with References to Child Class,prohibited,[],3,[1061],[]
CWE-1063,Creation of Class Instance within a Static Code Block,prohibited,[],5,[1176],[]
CWE-1064,Invokable Control Element with Signature Containing an Excessive Number of Parameters,prohibited,[],3,[1120],[]
CWE-1065,Runtime Resource Management Control Element in a Component Built to Run on Application Servers,prohibited,[],2,[710],[]
CWE-1066,Missing Serialization Control Element,prohibited,[],2,[710],[]
CWE-1067,Excessive Execution of Sequential Searches of Data Resource,allowed,[],5,[1176],[]
CWE-1068,Inconsistency Between Implementation and Documented Design,prohibited,[],2,[710],[]
CWE-1069,Empty Exception Block,prohibited,[],4,[1071],[]
CWE-1070,Serializable Data Element Containing non-Serializable Item Elements,prohibited,[],3,[1076],[]
CWE-1071,Empty Code Block,allowed,[],3,[1164],[]
CWE-1072,Data Resource Access without Use of Connection Pooling,prohibited,[],4,[405],[]
CWE-1073,Non-SQL Invokable Control Element with Excessive Number of Data Resource Accesses,prohibited,[],4,[405],[]
CWE-1074,Class with Excessively Deep Inheritance,prohibited,[],3,[1093],[]
CWE-1075,Unconditional Control Flow Transfer outside of Switch Block,allowed,[],3,[1120],[]
CWE-1076,Insufficient Adherence to Expected Conventions,prohibited,[],2,[710],[]
CWE-1077,Floating Point Comparison with Incorrect Operator,allowed,[],2,[697],[]
CWE-1078,Inappropriate Source Code Style or Formatting,prohibited,[],3,[1076],[]
CWE-1079,Parent Class without Virtual Destructor Method,allowed,[],3,[1076],[]
CWE-1080,Source Code File with Excessive Number of Lines of Code,prohibited,[],3,[1120],[]
CWE-1082,Class Instance Self Destruction Control Element,prohibited,[],3,[1076],[]
CWE-1083,Data Access from Outside Expected Data Manager Component,prohibited,[],3,[1061],[]
CWE-1084,Invokable Control Element with Excessive File or Data Access Operations,prohibited,[],4,[405],[]
CWE-1085,Invokable Control Element with Excessive Volume of Commented-out Code,prohibited,[],4,[1078],[]
CWE-1086,Class with Excessive Number of Child Classes,prohibited,[],3,[1093],[]
CWE-1087,Class with Virtual Method without a Virtual Destructor,allowed,[],3,[1076],[]
CWE-1088,Synchronous Access of Remote Resource without Timeout,allowed,[],4,[821],[]
CWE-1089,Large Data Table with Excessive Number of Indices,allowed,[],4,[405],[]
CWE-1090,Method Containing Access of a Member Element from Another Class,prohibited,[],3,[1061],[]
CWE-1091,Use of Object without Invoking Destructor Method,allowed,[],3,"[772, 1076]",[]
CWE-1092,Use of Same Invokable Control Element in Multiple Architectural Layers,prohibited,[],2,[710],[]
CWE-1093,Excessively Complex Data Representation,allowed,[],2,[710],[]
CWE-1094,Excessive Index Range Scan for a Data Resource,prohibited,[],4,[405],[]
CWE-1095,Loop Condition Value Update within the Loop,prohibited,[],3,[1120],[]
CWE-1096,Singleton Class Instance Creation without Proper Locking or Synchronization,allowed,[],4,[820],[]
CWE-1097,Persistent Storable Data Element without Associated Comparison Control Element,prohibited,[],3,[1076],[]
CWE-1098,Data Element containing Pointer Item without Proper Copy Control Element,allowed,[],3,[1076],[]
CWE-1099,Inconsistent Naming Conventions for Identifiers,prohibited,[],4,[1078],[]
CWE-1100,Insufficient Isolation of System-Dependent Functions,allowed,[],3,[1061],[]
CWE-1101,Reliance on Runtime Component in Generated Code,prohibited,[],2,[710],[]
CWE-1102,Reliance on Machine-Dependent Data Representation,allowed,[],3,[758],[]
CWE-1103,Use of Platform-Dependent Third Party Components,prohibited,[],3,[758],[]
CWE-1104,Use of Unmaintained Third Party Components,allowed,[],3,[1357],[]
CWE-1105,Insufficient Encapsulation of Machine-Dependent Functionality,prohibited,[],3,"[758, 1061]",[]
CWE-1106,Insufficient Use of Symbolic Constants,prohibited,[],4,[1078],[]
CWE-1107,Insufficient Isolation of Symbolic Constant Definitions,prohibited,[],4,[1078],[]
CWE-1108,Excessive Reliance on Global Variables,allowed,[],3,[1076],[]
CWE-1109,Use of Same Variable for Multiple Purposes,prohibited,[],4,[1078],[]
CWE-1110,Incomplete Design Documentation,prohibited,[],3,[1059],[]
CWE-1111,Incomplete I/O Documentation,prohibited,[],3,[1059],[]
CWE-1112,Incomplete Documentation of Program Execution,prohibited,[],3,[1059],[]
CWE-1113,Inappropriate Comment Style,prohibited,[],4,[1078],[]
CWE-1114,Inappropriate Whitespace Style,prohibited,[],4,[1078],[]
CWE-1115,Source Code Element without Standard Prologue,prohibited,[],4,[1078],[]
CWE-1116,Inaccurate Comments,allowed,[],4,[1078],[]
CWE-1117,Callable with Insufficient Behavioral Summary,prohibited,[],4,[1078],[]
CWE-1118,Insufficient Documentation of Error Handling Techniques,prohibited,[],3,[1059],[]
CWE-1119,Excessive Use of Unconditional Branching,prohibited,[],3,[1120],[]
CWE-1120,Excessive Code Complexity,allowed,[],2,[710],[]
CWE-1121,Excessive McCabe Cyclomatic Complexity,prohibited,[],3,[1120],[]
CWE-1122,Excessive Halstead Complexity,prohibited,[],3,[1120],[]
CWE-1123,Excessive Use of Self-Modifying Code,allowed,[],3,[1120],[]
CWE-1124,Excessively Deep Nesting,prohibited,[],3,[1120],[]
CWE-1125,Excessive Attack Surface,prohibited,[],3,[1120],[]
CWE-1126,Declaration of Variable with Unnecessarily Wide Scope,allowed,[],2,[710],[]
CWE-1127,Compilation with Insufficient Warnings or Errors,allowed,[],2,[710],[]
CWE-1164,Irrelevant Code,allowed,[],2,[710],[]
CWE-1173,Improper Use of Validation Framework,allowed,[],3,[20],[]
CWE-1174,ASP.NET Misconfiguration: Improper Model Validation,allowed,[],4,[1173],[]
CWE-1176,Inefficient CPU Computation,allowed,[],4,[405],[]
CWE-1177,Use of Prohibited Code,allowed,[],2,[710],[]
CWE-1187,DEPRECATED: Use of Uninitialized Resource,prohibited,[],1,[],[]
CWE-1188,Initialization of a Resource with an Insecure Default,allowed,[],4,[1419],[665]
CWE-1189,Improper Isolation of Shared Resources on System-on-a-Chip (SoC),allowed,[],3,"[653, 668]",[124]
CWE-1190,DMA Device Enabled Too Early in Boot Phase,allowed,[],3,[696],[180]
CWE-1191,On-Chip Debug and Test Interface With Improper Access Control,allowed,[],2,[284],"[1, 180]"
CWE-1192,Improper Identifier for IP Block used in System-On-Chip (SOC),allowed,[],3,[657],[113]
CWE-1193,Power-On of Untrusted Execution Core Before Enabling Fabric Access Control,allowed,[],3,[696],"[1, 180]"
CWE-1204,Generation of Weak Initialization Vector (IV),allowed,[],3,[330],"[20, 97]"
CWE-1209,Failure to Disable Reserved Bits,allowed,[],2,[710],[121]
CWE-1220,Insufficient Granularity of Access Control,allowed,[],2,[284],"[1, 180]"
CWE-1221,Incorrect Register Defaults or Module Parameters,allowed,[],4,[1419],[166]
CWE-1222,Insufficient Granularity of Address Regions Protected by Register Locks,allowed,[],3,[1220],[679]
CWE-1223,Race Condition for Write-Once Attributes,allowed,[],3,[362],[26]
CWE-1224,Improper Restriction of Write-Once Bit Fields,allowed,[],2,[284],[680]
CWE-1229,Creation of Emergent Resource,allowed,[],2,[664],[]
CWE-1230,Exposure of Sensitive Information Through Metadata,allowed,[],3,[285],[]
CWE-1231,Improper Prevention of Lock Bit Modification,allowed,[],2,[284],[680]
CWE-1232,Improper Lock Behavior After Power State Transition,allowed,[],4,[667],[166]
CWE-1233,Security-Sensitive Hardware Controls with Missing Lock Bit Protection,allowed,[],2,"[284, 667]","[176, 680]"
CWE-1234,Hardware Internal or Debug Modes Allow Override of Locks,allowed,[],4,[667],[176]
CWE-1235,Incorrect Use of Autoboxing and Unboxing for Performance Critical Operations,allowed,[],3,[400],[]
CWE-1236,Improper Neutralization of Formula Elements in a CSV File,allowed,[],3,[74],[]
CWE-1239,Improper Zeroization of Hardware Register,allowed,[],5,[226],"[150, 204, 37, 545]"
CWE-1240,Use of a Cryptographic Primitive with a Risky Implementation,allowed,[],3,[327],[97]
CWE-1241,Use of Predictable Algorithm in Random Number Generator,allowed,[],3,[330],[97]
CWE-1242,Inclusion of Undocumented Features or Chicken Bits,allowed,[],4,[912],"[212, 36]"
CWE-1243,Sensitive Non-Volatile Information Not Protected During Debug,allowed,[],3,[1263],"[116, 545]"
CWE-1244,Internal Asset Exposed to Unsafe Debug Access Level or State,allowed,[],4,[863],[114]
CWE-1245,Improper Finite State Machines (FSMs) in Hardware Logic,allowed,[],3,[684],[74]
CWE-1246,Improper Write Handling in Limited-write Non-Volatile Memories,allowed,[],3,[400],[212]
CWE-1247,Improper Protection Against Voltage and Clock Glitches,allowed,[],3,[1384],"[624, 625]"
CWE-1248,Semiconductor Defects in Hardware Logic with Security-Sensitive Implications,allowed,[],2,[693],"[624, 625]"
CWE-1249,Application-Level Admin Tool with Inconsistent View of Underlying Operating System,allowed,[],3,[1250],[]
CWE-1250,Improper Preservation of Consistency Between Independent Representations of Shared State,allowed,[],2,[664],[]
CWE-1251,Mirrored Regions with Different Values,allowed,[],3,[1250],[]
CWE-1252,CPU Hardware Not Configured to Support Exclusivity of Write and Execute Operations,allowed,[],2,[284],[679]
CWE-1253,Incorrect Selection of Fuse Values,allowed,[],2,[693],[74]
CWE-1254,Incorrect Comparison Logic Granularity,allowed,[],2,"[208, 697]",[26]
CWE-1255,Comparison Logic is Vulnerable to Power Side-Channel Attacks,allowed,[],6,[1300],[189]
CWE-1256,Improper Restriction of Software Interfaces to Hardware Features,allowed,[],3,[285],"[624, 625]"
CWE-1257,Improper Access Control Applied to Mirrored or Aliased Memory Regions,allowed,[],2,[284],"[456, 679]"
CWE-1258,Exposure of Sensitive System Information Due to Uncleared Debug Information,allowed,[],4,"[212, 200]","[150, 204, 37, 545]"
CWE-1259,Improper Restriction of Security Token Assignment,allowed,[],2,[284],"[121, 681]"
CWE-1260,Improper Handling of Overlap Between Protected Memory Ranges,allowed,[],2,[284],"[456, 679]"
CWE-1261,Improper Handling of Single Event Upsets,allowed,[],3,[1384],[]
CWE-1262,Improper Access Control for Register Interface,allowed,[],2,[284],[680]
CWE-1263,Improper Physical Access Control,allowed,[],2,[284],[401]
CWE-1264,Hardware Logic with Insecure De-Synchronization between Control and Data Channels,allowed,[],4,[821],"[233, 663]"
CWE-1265,Unintended Reentrant Invocation of Non-reentrant Code Via Nested Calls,allowed,[],2,[691],[74]
CWE-1266,Improper Scrubbing of Sensitive Data from Decommissioned Device,allowed,[],3,[404],"[150, 37, 545, 546, 675]"
CWE-1267,Policy Uses Obsolete Encoding,allowed,[],2,[284],"[121, 681]"
CWE-1268,Policy Privileges are not Assigned Consistently Between Control and Data Agents,allowed,[],2,[284],[180]
CWE-1269,Product Released in Non-Release Configuration,allowed,[],2,[693],[439]
CWE-1270,Generation of Incorrect Security Tokens,allowed,[],2,[284],"[121, 633, 681]"
CWE-1271,Uninitialized Value on Reset for Registers Holding Security Settings,allowed,[],4,[909],[74]
CWE-1272,Sensitive Information Uncleared Before Debug/Power State Transition,allowed,[],5,[226],"[150, 37, 545, 546]"
CWE-1273,Device Unlock Credential Sharing,allowed,[],4,[200],[560]
CWE-1274,Improper Access Control for Volatile Memory Containing Boot Code,allowed,[],2,[284],"[456, 679]"
CWE-1275,Sensitive Cookie with Improper SameSite Attribute,allowed,[],3,[923],[62]
CWE-1276,Hardware Child Block Incorrectly Connected to Parent System,allowed,[],2,[284],[]
CWE-1277,Firmware Not Updateable,allowed,[],3,[1329],[682]
CWE-1278,Missing Protection Against Hardware Reverse Engineering Using Integrated Circuit (IC) Imaging Techniques,allowed,[],2,[693],"[188, 37, 545]"
CWE-1279,Cryptographic Operations are run Before Supporting Units are Ready,allowed,[],3,"[696, 665]",[97]
CWE-1280,Access Control Check Implemented After Asset is Accessed,allowed,[],2,"[696, 284]",[180]
CWE-1281,Sequence of Processor Instructions Leads to Unexpected Behavior,allowed,[],2,[691],[212]
CWE-1282,Assumed-Immutable Data is Stored in Writable Memory,allowed,[],3,[668],"[458, 679]"
CWE-1283,Mutable Attestation or Measurement Reporting Data,allowed,[],2,[284],[680]
CWE-1284,Improper Validation of Specified Quantity in Input,allowed,[],3,[20],[]
CWE-1285,"Improper Validation of Specified Index, Position, or Offset in Input",allowed,[],3,[20],[]
CWE-1286,Improper Validation of Syntactic Correctness of Input,allowed,[],3,[20],"[66, 676]"
CWE-1287,Improper Validation of Specified Type of Input,allowed,[],3,[20],[]
CWE-1288,Improper Validation of Consistency within Input,allowed,[],3,[20],[]
CWE-1289,Improper Validation of Unsafe Equivalence in Input,allowed,[],3,[20],[]
CWE-1290,Incorrect Decoding of Security Identifiers ,allowed,[],2,[284],[]
CWE-1291,Public Key Re-Use for Signing both Debug and Production Code,allowed,[],2,[693],[]
CWE-1292,Incorrect Conversion of Security Identifiers,allowed,[],2,[284],[]
CWE-1293,Missing Source Correlation of Multiple Independent Data,allowed,[],3,[345],[]
CWE-1294,Insecure Security Identifier Mechanism,allowed,[],2,[284],"[121, 681]"
CWE-1295,Debug Messages Revealing Unnecessary Information,allowed,[],4,[200],[121]
CWE-1296,Incorrect Chaining or Granularity of Debug Components,allowed,[],2,[284],"[121, 702]"
CWE-1297,Unprotected Confidential Information on Device is Accessible by OSAT Vendors,allowed,[],3,[285],"[1, 180]"
CWE-1298,Hardware Logic Contains Race Conditions,allowed,[],3,[362],[26]
CWE-1299,Missing Protection Mechanism for Alternate Hardware Interface,allowed,[],4,"[420, 288]","[457, 554]"
CWE-1300,Improper Protection of Physical Side Channels,allowed,[],5,[203],"[189, 699]"
CWE-1301,Insufficient or Incomplete Data Removal within Hardware Component,allowed,[],5,[226],[37]
CWE-1302,Missing Source Identifier in Entity Transactions on a System-On-Chip (SOC),allowed,[],3,[1294],"[121, 681]"
CWE-1303,Non-Transparent Sharing of Microarchitectural Resources,allowed,[],4,"[1189, 203]",[663]
CWE-1304,Improperly Preserved Integrity of Hardware Configuration State During a Power Save/Restore Operation,allowed,[],2,[284],[176]
CWE-1310,Missing Ability to Patch ROM Code,allowed,[],3,[1329],[682]
CWE-1311,Improper Translation of Security Attributes by Fabric Bridge,allowed,[],2,[284],"[1, 180, 233]"
CWE-1312,Missing Protection for Mirrored Regions in On-Chip Fabric Firewall,allowed,[],2,[284],"[456, 679]"
CWE-1313,Hardware Allows Activation of Test or Debug Logic at Runtime,allowed,[],2,[284],[121]
CWE-1314,Missing Write Protection for Parametric Data Values,allowed,[],4,[862],[1]
CWE-1315,Improper Setting of Bus Controlling Capability in Fabric End-point,allowed,[],2,[284],"[1, 180]"
CWE-1316,Fabric-Address Map Allows Programming of Unwarranted Overlaps of Protected and Unprotected Ranges,allowed,[],2,[284],"[456, 679]"
CWE-1317,Improper Access Control in Fabric Bridge,allowed,[],2,[284],[122]
CWE-1318,Missing Support for Security Features in On-chip Fabrics or Buses,allowed,[],2,[693],"[1, 180]"
CWE-1319,Improper Protection against Electromagnetic Fault Injection (EM-FI),allowed,[],2,[693],"[624, 625]"
CWE-1320,Improper Protection for Outbound Error Messages and Alert Signals,allowed,[],2,[284],"[1, 180]"
CWE-1321,Improperly Controlled Modification of Object Prototype Attributes ('Prototype Pollution'),allowed,[],4,[915],"[1, 180, 77]"
CWE-1322,"Use of Blocking Code in Single-threaded, Non-blocking Context",allowed,[],3,[834],[25]
CWE-1323,Improper Management of Sensitive Trace Data,allowed,[],2,[284],"[150, 167, 545]"
CWE-1324,DEPRECATED: Sensitive Information Accessible by Physical Probing of JTAG Interface,prohibited,[],1,[],[]
CWE-1325,Improperly Controlled Sequential Memory Allocation,allowed,[],4,[770],[130]
CWE-1326,Missing Immutable Root of Trust in Hardware,allowed,[],2,[693],"[679, 68]"
CWE-1327,Binding to an Unrestricted IP Address,allowed,[],3,[668],[1]
CWE-1328,Security Version Number Mutable to Older Versions,allowed,[],3,[285],[176]
CWE-1329,Reliance on Component That is Not Updateable,allowed,[],2,"[1357, 664]",[]
CWE-1330,Remanent Data Readable after Memory Erase,allowed,[],6,[1301],"[150, 37, 545]"
CWE-1331,Improper Isolation of Shared Resources in Network On Chip (NoC),allowed,[],3,"[653, 668]",[124]
CWE-1332,Improper Handling of Faults that Lead to Instruction Skips,allowed,[],3,[1384],"[624, 625]"
CWE-1333,Inefficient Regular Expression Complexity,allowed,[],5,[407],[492]
CWE-1334,Unauthorized Error Injection Can Degrade Hardware Redundancy,allowed,[],2,[284],"[624, 625]"
CWE-1335,Incorrect Bitwise Shift of Integer,allowed,[],2,[682],[]
CWE-1336,Improper Neutralization of Special Elements Used in a Template Engine,allowed,[],4,[94],[]
CWE-1338,Improper Protections Against Hardware Overheating,allowed,[],2,[693],"[624, 625]"
CWE-1339,Insufficient Precision or Accuracy of a Real Number,allowed,[],2,[682],[]
CWE-1341,Multiple Releases of Same Resource or Handle,allowed,[],4,[675],[]
CWE-1342,Information Exposure through Microarchitectural State after Transient Execution,allowed,[],5,[226],[696]
CWE-1351,Improper Handling of Hardware Behavior in Exceptionally Cold Environments,allowed,[],3,[1384],"[624, 625]"
CWE-1357,Reliance on Insufficiently Trustworthy Component,allowed,[],2,[710],[]
CWE-1384,Improper Handling of Physical or Environmental Conditions,allowed,[],2,[703],[]
CWE-1385,Missing Origin Validation in WebSockets,allowed,[],3,[346],[]
CWE-1386,Insecure Operation on Windows Junction / Mount Point,allowed,[],4,[59],[]
CWE-1389,Incorrect Parsing of Numbers with Different Radices,allowed,[],3,[704],[]
CWE-1390,Weak Authentication,allowed,[],3,[287],[]
CWE-1391,Use of Weak Credentials,allowed,[],4,[1390],[]
CWE-1392,Use of Default Credentials,allowed,[],5,[1391],[]
CWE-1393,Use of Default Password,allowed,[],6,[1392],[]
CWE-1394,Use of Default Cryptographic Key,allowed,[],6,[1392],[]
CWE-1395,Dependency on Vulnerable Third-Party Component,allowed,[],3,[657],[]
CWE-1419,Incorrect Initialization of Resource,allowed,[],3,[665],[]
CWE-1420,Exposure of Sensitive Information during Transient Execution,allowed,[],3,[669],[]
CWE-1421,Exposure of Sensitive Information in Shared Microarchitectural Structures during Transient Execution,allowed,[],4,[1420],[]
CWE-1422,Exposure of Sensitive Information caused by Incorrect Data Forwarding during Transient Execution,allowed,[],4,[1420],[]
CWE-1423,Exposure of Sensitive Information caused by Shared Microarchitectural Predictor State that Influences Transient Execution,allowed,[1420],4,[1420],[]
CWE-1426,Improper Validation of Generative AI Output,discouraged,"[77, 94, 116]",2,[707],[]
CWE-1427,Improper Neutralization of Input Used for LLM Prompting,allowed,[],4,[77],[]
CWE-1428,Reliance on HTTP instead of HTTPS,allowed,[],4,[319],[]
CWE-1429,Missing Security-Relevant Feedback for Unexecuted Operations in Hardware Interface,allowed,[],4,[223],[]
CWE-1431,Driving Intermediate Cryptographic State/Results to Hardware Module Outputs,allowed,[],4,[200],[]
